<?xml version="1.0" encoding="UTF-8"?>
<project-private xmlns="http://www.netbeans.org/ns/project-private/1">
    <editor-bookmarks xmlns="http://www.netbeans.org/ns/editor-bookmarks/2" lastBookmarkId="0"/>
    <open-files xmlns="http://www.netbeans.org/ns/projectui-open-files/2">
        <group>
            <file>file:/home/user/Documentos/JavaPOO/aula07/src/aula07/Aula07.java</file>
            <file>file:/home/user/Documentos/JavaPOO/aula07/src/aula07/Luta.java</file>
            <file>file:/home/user/Documentos/JavaPOO/aula07/src/aula07/Lutador.java</file>
        </group>
    </open-files>
</project-private>
